e,g
1,0
2,0
3,0
4,0
4,0
5,0
6,0
7,0
8,0
9,0
10,0
11,0
12,0
12,0
13,0
14,0
15,0
16,0
17,0
18,0
19,0
20,0
20,0
21,0
22,0
23,0
24,0
25,0
26,0
27,0
28,0
29,0
30,0
31,0
32,0
33,0
34,0
35,0
36,0
37,0
38,0
39,0
40,0
41,0
42,0
43,0
44,0
45,0
46,0
47,0
48,0
49,0
50,0
51,0
52,0
53,0
54,0
55,0
56,0
57,0
58,0
59,0
60,0
61,0
62,0
63,0
64,0
65,0
66,0
67,0
68,0
69,0
70,0
71,0
72,0
73,0
74,0
74,0
75,0
76,0
77,0
78,0
79,0
80,0
81,0
82,0
83,0
84,0
85,0
86,0
87,0
88,0
89,0
90,0
91,0
92,0
93,0
94,0
95,0
96,0
97,0
98,0
99,0
99,0
100,0
101,0
102,0
103,0
104,0
105,0
106,0
107,0
108,0
109,0
110,0
111,0
112,0
113,0
114,0
115,0
116,0
117,0
118,0
119,0
120,0
121,0
122,0
123,0
124,0
125,0
126,0
127,0
128,0
129,0
130,0
131,0
132,0
133,0
134,0
135,0
136,0
137,0
138,0
139,0
140,0
141,0
142,0
143,0
144,0
145,0
146,0
147,0
148,0
149,0
150,0
151,0
152,0
153,0
154,0
155,0
156,0
157,0
158,0
159,0
160,0
161,0
162,0
163,0
164,0
165,0
166,0
167,0
168,0
169,0
170,0
171,0
172,0
173,0
174,0
175,0
176,0
177,0
178,0
179,0
180,0
181,0
182,0
183,0
184,0
185,0
186,0
187,0
188,0
189,0
190,0
190,0
191,0
192,0
193,0
194,0
195,0
196,0
197,0
197,0
198,0
199,0
199,0
200,0
201,0
202,0
203,0
204,0
205,0
206,0
207,0
208,0
209,0
210,0
211,0
212,0
213,0
214,0
215,0
216,0
217,0
218,0
219,0
220,0
221,0
222,0
223,0
224,0
225,0
226,0
227,0
228,0
229,0
230,0
231,0
232,0
233,0
234,0
235,0
236,0
237,0
238,0
239,0
240,0
241,0
242,0
243,0
244,0
245,0
246,0
247,0
248,0
249,0
250,0
251,0
252,0
253,0
254,0
255,0
256,0
257,0
258,0
259,0
260,0
261,0
262,0
263,0
264,0
265,0
266,0
267,0
268,0
269,0
270,0
271,0
272,0
273,0
274,0
275,0
276,0
277,0
278,0
279,0
280,0
281,0
282,0
283,0
284,0
285,0
286,0
287,0
288,0
289,0
290,0
291,0
292,0
293,0
294,0
295,0
296,0
297,0
298,0
299,0
300,0
301,0
302,0
303,0
304,0
305,0
306,0
307,0
308,0
309,0
310,0
311,0
312,0
313,0
314,0
315,0
316,0
317,0
318,0
319,0
320,0
321,0
322,0
323,0
324,0
325,0
326,0
327,0
328,0
329,0
330,0
331,0
332,0
333,0
333,0
334,0
335,0
336,0
337,0
338,0
339,0
340,0
341,0
342,0
343,0
344,0
345,0
346,0
347,0
348,0
349,0
350,0
351,0
352,0
353,0
354,0
355,0
356,0
357,0
358,0
359,0
360,0
361,0
362,0
362,0
363,0
364,0
365,0
366,0
367,0
368,0
369,0
370,0
371,0
372,0
373,0
374,0
375,0
376,0
377,0
378,0
379,0
380,0
381,0
382,0
383,0
384,0
385,0
386,0
387,0
388,0
389,0
390,0
391,0
392,0
393,0
394,0
395,0
396,0
397,0
398,0
399,0
400,0
401,0
402,0
403,0
404,0
405,0
406,0
407,0
408,0
409,0
410,0
411,0
412,0
413,0
414,0
415,0
416,0
417,0
418,0
419,0
420,0
421,0
422,0
423,0
424,0
425,0
426,0
427,0
428,0
429,0
430,0
431,0
432,0
433,0
434,0
435,0
436,0
437,0
438,0
439,0
440,0
441,0
442,0
443,0
444,0
445,0
446,0
447,0
448,0
449,0
450,0
451,0
452,0
453,0
454,0
455,0
456,0
457,0
458,0
459,0
460,0
461,0
462,0
463,0
464,0
465,0
466,0
467,0
468,0
469,0
470,0
471,0
472,0
473,0
474,0
475,0
476,0
477,0
478,0
479,0
480,0
481,0
482,0
483,0
484,0
485,0
486,0
487,0
488,0
489,0
490,0
491,0
492,0
493,0
494,0
495,0
495,0
496,0
497,0
498,0
499,0
499,0
500,0
501,0
502,0
503,0
504,0
505,0
506,0
507,0
508,0
508,0
509,0
510,0
511,0
512,0
512,0
513,0
513,0
514,0
515,0
516,0
517,0
518,0
519,0
520,0
521,0
522,0
523,0
524,0
525,0
526,0
527,0
528,0
529,0
530,0
531,0
532,0
533,0
534,0
535,0
536,0
537,0
538,0
539,0
540,0
541,0
542,0
543,0
544,0
545,0
546,0
547,0
548,0
549,0
550,0
551,0
552,0
553,0
554,0
555,0
556,0
557,0
558,0
559,0
560,0
561,0
562,0
563,0
564,0
565,0
566,0
567,0
568,0
569,0
570,0
571,0
571,0
572,0
573,0
574,0
575,0
576,0
577,0
578,0
579,0
580,0
581,0
582,0
583,0
584,0
585,0
586,0
587,0
588,0
589,0
590,0
591,0
592,0
593,0
594,0
595,0
596,0
597,0
598,0
599,0
600,0
601,0
602,0
603,0
604,0
605,0
606,0
607,0
608,0
609,0
610,0
611,0
612,0
613,0
614,0
615,0
616,0
617,0
618,0
619,0
620,0
621,0
622,0
623,0
624,0
625,0
626,0
627,0
628,0
629,0
630,0
631,0
632,0
633,0
634,0
635,0
636,0
637,0
638,0
639,0
640,0
641,0
642,0
643,0
644,0
645,0
646,0
647,0
648,0
649,0
650,0
651,0
652,0
653,0
654,0
655,0
656,0
657,0
658,0
659,0
660,0
661,0
662,0
663,0
664,0
665,0
666,0
667,0
668,0
669,0
670,0
671,0
672,0
673,0
674,0
675,0
676,0
677,0
678,0
679,0
680,0
681,0
682,0
683,0
684,0
685,0
686,0
687,0
688,0
689,0
690,0
691,0
692,0
693,0
694,0
695,0
696,0
697,0
698,0
699,0
700,0
701,0
702,0
703,0
704,0
705,0
706,0
707,0
708,0
709,0
710,0
711,0
712,0
713,0
714,0
715,0
716,0
717,0
718,0
719,0
720,0
721,0
722,0
723,0
724,0
725,0
726,0
727,0
728,0
729,0
730,0
731,0
732,0
733,0
734,0
735,0
736,0
737,0
738,0
739,0
740,0
741,0
742,0
743,0
744,0
745,0
746,0
747,0
748,0
749,0
750,0
751,0
752,0
753,0
754,0
755,0
756,0
757,0
758,0
759,0
760,0
761,0
762,0
763,0
764,0
765,0
766,0
767,0
768,0
769,0
770,0
771,0
772,0
773,0
774,0
775,0
776,0
777,0
778,0
779,0
780,0
781,0
782,0
783,0
784,0
785,0
786,0
787,0
788,0
789,0
790,0
791,0
792,0
793,0
794,0
795,0
796,0
797,0
798,0
799,0
800,0
801,0
802,0
803,0
804,0
805,0
806,0
807,0
808,0
809,0
810,0
811,0
812,0
813,0
814,0
815,0
816,0
817,0
818,0
819,0
820,0
820,0
821,0
822,0
823,0
824,0
825,0
826,0
827,0
828,0
829,0
830,0
831,0
832,0
833,0
834,0
835,0
836,0
837,0
838,0
839,0
840,0
841,0
842,0
843,0
844,0
845,0
846,0
847,0
848,0
849,0
850,0
851,0
852,0
853,0
854,0
855,0
856,0
857,0
858,0
859,0
860,0
861,0
862,0
863,0
864,0
865,0
866,0
867,0
868,0
869,0
870,0
871,0
872,0
873,0
874,0
875,0
876,0
877,0
878,0
879,0
880,0
881,0
882,0
883,0
884,0
885,0
886,0
887,0
888,0
889,0
890,0
891,0
892,0
893,0
894,0
895,0
896,0
897,0
898,0
899,0
900,0
901,0
902,0
903,0
904,0
905,0
906,0
907,0
908,0
909,0
910,0
910,0
911,0
912,0
913,0
914,0
914,0
915,0
916,0
917,0
918,0
919,0
920,0
921,0
922,0
923,0
924,0
925,0
926,0
927,0
928,0
929,0
930,0
931,0
932,0
933,0
934,0
935,0
936,0
937,0
938,0
939,0
940,0
941,0
942,0
943,0
944,0
945,0
946,0
947,0
948,0
949,0
950,0
951,0
952,0
953,0
954,0
955,0
956,0
957,0
957,0
958,0
959,0
960,0
961,0
962,0
963,0
964,0
965,0
966,0
967,0
968,0
969,0
970,0
971,0
972,0
973,0
974,0
975,0
976,0
977,0
978,0
979,0
980,0
981,0
982,0
983,0
984,0
985,0
986,0
987,0
988,0
989,0
990,0
991,0
992,0
993,0
994,0
995,0
996,0
997,0
998,0
999,0
1000,0
1001,0
1002,0
1003,0
1004,0
1005,0
1006,0
1007,0
1008,0
1009,0
1010,0
1011,0
1012,0
1013,0
1014,0
1015,0
1016,0
1017,0
1018,0
1019,0
1020,0
1021,0
1022,0
1023,0
1024,0
1025,0
1026,0
1027,0
1028,0
1029,0
1030,0
1031,0
1032,0
1033,0
1034,0
1035,0
1036,0
1037,0
1038,0
1039,0
1040,0
1041,0
1042,0
1043,0
1044,0
1045,0
1046,0
1047,0
1048,0
1049,0
1050,0
1051,0
1052,0
1053,0
1054,0
1055,0
1056,0
1057,0
1058,0
1059,0
1060,0
1061,0
1062,0
1063,0
1064,0
1065,0
1066,0
1067,0
1068,0
1069,0
1070,0
1070,0
1071,0
1072,0
1073,0
1074,0
1075,0
1076,0
1077,0
1078,0
1079,0
1080,0
1081,0
1082,0
1083,0
1084,0
1085,0
1086,0
1087,0
1088,0
1089,0
1090,0
1091,0
1092,0
1093,0
1094,0
1095,0
1096,0
1097,0
1098,0
1099,0
1100,0
1101,0
1102,0
1103,0
1104,0
1105,0
1106,0
1107,0
1108,0
1109,0
1110,0
1111,0
1112,0
1113,0
1114,0
1115,0
1116,0
1117,0
1118,0
1119,0
1120,0
1121,0
1122,0
1123,0
1124,0
1125,0
1126,0
1127,0
1128,0
1129,0
1130,0
1131,0
1132,0
1133,0
1134,0
1135,0
1136,0
1137,0
1138,0
1139,0
1140,0
1141,0
1142,0
1143,0
1144,0
1145,0
1146,0
1147,0
1148,0
1149,0
1150,0
1151,0
1152,0
1153,0
1154,0
1155,0
1156,0
1157,0
1158,0
1159,0
1160,0
1161,0
1162,0
1163,0
1164,0
1165,0
1166,0
1166,0
1167,0
1168,0
1169,0
1170,0
1171,0
1172,0
1173,0
1174,0
1175,0
1176,0
1177,0
1178,0
1179,0
1180,0
1181,0
1182,0
1183,0
1184,0
1185,0
1186,0
1187,0
1188,0
1189,0
1190,0
1191,0
1192,0
1193,0
1194,0
1195,0
1196,0
1197,0
1197,0
1198,0
1199,0
1200,0
1201,0
1202,0
1203,0
1204,0
1205,0
1206,0
1207,0
1208,0
1209,0
1210,0
1211,0
1212,0
1213,0
1214,0
1215,0
1216,0
1217,0
1218,0
1219,0
1220,0
1221,0
1222,0
1223,0
1224,0
1225,0
1226,0
1227,0
1228,0
1229,0
1230,0
1231,0
1232,0
1233,0
1234,0
1235,0
1236,0
1237,0
1238,0
1239,0
1240,0
1241,0
1242,0
1243,0
1244,0
1245,0
1246,0
1247,0
1248,0
1249,0
1250,0
1251,0
1252,0
1253,0
1254,0
1255,0
1256,0
1257,0
1257,0
1258,0
1259,0
1260,0
1261,0
1262,0
1263,0
1264,0
1265,0
1266,0
1267,0
1268,0
1269,0
1270,0
1271,0
1272,0
1273,0
1274,0
1275,0
1276,0
1277,0
1278,0
1279,0
1280,0
1281,0
1282,0
1283,0
1284,0
1285,0
1286,0
1287,0
1288,0
1289,0
1290,0
1291,0
1292,0
1293,0
1294,0
1295,0
1296,0
1297,0
1298,0
1299,0
1300,0
1301,0
1302,0
1303,0
1304,0
1305,0
1306,0
1307,0
1308,0
1309,0
1310,0
1311,0
1312,0
1313,0
1314,0
1315,0
1316,0
1317,0
1318,0
1319,0
1320,0
1321,0
1322,0
1323,0
1324,0
1325,0
1326,0
1327,0
1328,0
1329,0
1330,0
1331,0
1332,0
1333,0
1334,0
1335,0
1336,0
1337,0
1338,0
1339,0
1340,0
1341,0
1342,0
1343,0
1344,0
1345,0
1346,0
1347,0
1347,0
1348,0
1349,0
1350,0
1351,0
1352,0
1353,0
1354,0
1355,0
1356,0
1357,0
1358,0
1359,0
1360,0
1361,0
1362,0
1363,0
1364,0
1365,0
1366,0
1367,0
1368,0
1369,0
1370,0
1371,0
1372,0
1373,0
1374,0
1375,0
1376,0
1377,0
1378,0
1379,0
1380,0
1381,0
1382,0
1383,0
1384,0
1385,0
1386,0
1387,0
1388,0
1389,0
1390,0
1391,0
1392,0
1393,0
1394,0
1395,0
1396,0
1397,0
1398,0
1399,0
1400,0
1401,0
1402,0
1403,0
1404,0
1405,0
1406,0
1407,0
1407,0
1408,0
1409,0
1410,0
1411,0
1412,0
1413,0
1414,0
1415,0
1416,0
1417,0
1418,0
1419,0
1420,0
1421,0
1422,0
1423,0
1424,0
1425,0
1426,0
1427,0
1428,0
1429,0
1430,0
1431,0
1432,0
1433,0
1434,0
1435,0
1436,0
1437,0
1438,0
1439,0
1440,0
1441,0
1442,0
1443,0
1444,0
1445,0
1446,0
1447,0
1448,0
1449,0
1450,0
1451,0
1451,0
1452,0
1453,0
1454,0
1455,0
1456,0
1457,0
1458,0
1459,0
1460,0
1461,0
1462,0
1463,0
1464,0
1465,0
1466,0
1467,0
1468,0
1469,0
1470,0
1471,0
1472,0
1473,0
1474,0
1475,0
1476,0
1477,0
1478,0
1479,0
1480,0
1481,0
1482,0
1483,0
1484,0
1485,0
1486,0
1487,0
1488,0
1489,0
1490,0
1491,0
1492,0
1493,0
1494,0
1495,0
1496,0
1496,0
1497,0
1498,0
1499,0
1500,0
1501,0
1502,0
1503,0
1504,0
1505,0
1506,0
1507,0
1508,0
1509,0
1510,0
1511,0
1512,0
1513,0
1514,0
1515,0
1516,0
1517,0
1518,0
1519,0
1520,0
1521,0
1522,0
1523,0
1524,0
1525,0
1526,0
1527,0
1528,0
1529,0
1530,0
1531,0
1532,0
1533,0
1534,0
1535,0
1536,0
1537,0
1538,0
1539,0
1540,0
1541,0
1542,0
1543,0
1544,0
1545,0
1546,0
1547,0
1548,0
1549,0
1550,0
1551,0
1552,0
1553,0
1554,0
1555,0
1556,0
1557,0
1558,0
1559,0
1560,0
1561,0
1562,0
1563,0
1564,0
1565,0
1566,0
1567,0
1568,0
1569,0
1569,0
1570,0
1571,0
1572,0
1573,0
1574,0
1575,0
1576,0
1577,0
1578,0
1578,0
1579,0
1580,0
1581,0
1582,0
1583,0
1584,0
1585,0
1586,0
1587,0
1588,0
1589,0
1590,0
1591,0
1592,0
1593,0
1594,0
1595,0
1596,0
1597,0
1598,0
1599,0
1600,0
1601,0
1602,0
1603,0
1604,0
1605,0
1606,0
1607,0
1608,0
1609,0
1610,0
1611,0
1612,0
1613,0
1614,0
1615,0
1616,0
1617,0
1618,0
1619,0
1620,0
1621,0
1622,0
1623,0
1623,0
1624,0
1625,0
1626,0
1627,0
1628,0
1629,0
1630,0
1631,0
1632,0
1633,0
1634,0
1635,0
1636,0
1637,0
1638,0
1639,0
1640,0
1641,0
1642,0
1642,0
1643,0
1644,0
1645,0
1646,0
1647,0
1648,0
1649,0
1650,0
1651,0
1652,0
1653,0
1654,0
1655,0
1656,0
1657,0
1658,0
1659,0
1660,0
1661,0
1662,0
1663,0
1664,0
1665,0
1666,0
1667,0
1668,0
1669,0
1670,0
1671,0
1672,0
1673,0
1674,0
1675,0
1676,0
1677,0
1678,0
1679,0
1680,0
1681,0
1682,0
1683,0
1684,0
1685,0
1686,0
1687,0
1688,0
1689,0
1690,0
1691,0
1692,0
1693,0
1694,0
1695,0
1696,0
1697,0
1698,0
1699,0
1700,0
1701,0
1702,0
1703,0
1704,0
1705,0
1706,0
1707,0
1708,0
1709,0
1710,0
1711,0
1712,0
1713,0
1714,0
1715,0
1716,0
1717,0
1718,0
1719,0
1720,0
1721,0
1722,0
1723,0
1724,0
1725,0
1726,0
1727,0
1728,0
1729,0
1730,0
1731,0
1732,0
1733,0
1734,0
1735,0
1736,0
1737,0
1738,0
1739,0
1740,0
1741,0
1742,0
1743,0
1744,0
1745,0
1746,0
1747,0
1748,0
1749,0
1750,0
1751,0
1752,0
1753,0
1754,0
1755,0
1756,0
1757,0
1758,0
1759,0
1760,0
1761,0
1762,0
1763,0
1764,0
1765,0
1766,0
1767,0
1768,0
1769,0
1770,0
1771,0
1772,0
1773,0
1774,0
1775,0
1776,0
1777,0
1778,0
1779,0
1780,0
1781,0
1782,0
1783,0
1784,0
1785,0
1786,0
1787,0
1787,0
1788,0
1789,0
1790,0
1791,0
1792,0
1793,0
1794,0
1795,0
1795,0
1796,0
1797,0
1798,0
1799,0
1800,0
1801,0
1802,0
1803,0
1804,0
1805,0
1806,0
1807,0
1808,0
1809,0
1810,0
1811,0
1812,0
1813,0
1814,0
1815,0
1816,0
1817,0
1818,0
1819,0
1820,0
1821,0
1822,0
1823,0
1824,0
1825,0
1826,0
1827,0
1828,0
1829,0
1830,0
1831,0
1832,0
1833,0
1834,0
1835,0
1836,0
1837,0
1838,0
1839,0
1840,0
1841,0
1842,0
1843,0
1844,0
1845,0
1846,0
1846,0
1847,0
1848,0
1849,0
1850,0
1851,0
1852,0
1853,0
1854,0
1855,0
1856,0
1857,0
1858,0
1859,0
1860,0
1861,0
1862,0
1863,0
1864,0
1865,0
1866,0
1867,0
1868,0
1869,0
1870,0
1871,0
1872,0
1873,0
1874,0
1875,0
1876,0
1877,0
1878,0
1879,0
1880,0
1881,0
1882,0
1883,0
1884,0
1885,0
1886,0
1887,0
1888,0
1889,0
1890,0
1891,0
1892,0
1893,1
1893,1
1894,1
1895,1
1896,1
1897,1
1898,1
1899,1
1900,1
1901,1
1901,1
1902,1
1903,1
1904,1
1905,1
1906,1
1907,1
1908,1
1908,1
1909,1
1910,1
1911,1
1912,1
1913,1
1914,1
1915,1
1916,1
1917,1
1918,1
1919,1
1920,1
1921,1
1922,1
1923,1
1924,1
1925,1
1926,1
1927,1
1928,1
1929,1
1930,1
1931,1
1932,1
1933,1
1934,1
1935,1
1936,1
1937,1
1938,1
1939,1
1940,1
1941,1
1942,1
1943,1
1944,1
1944,1
1945,1
1946,1
1947,1
1948,1
1949,1
1950,1
1951,1
1952,2
1952,2
1953,2
1954,2
1955,2
1956,2
1957,2
1958,2
1959,2
1960,2
1961,2
1962,2
1963,2
1964,2
1965,2
1966,2
1967,2
1968,2
1969,2
1970,2
1971,2
1972,2
1973,2
1974,2
1975,2
1976,2
1977,2
1978,2
1979,2
1980,2
1981,2
1981,2
1982,2
1983,2
1984,2
1985,2
1986,2
1987,2
1988,2
1989,2
1990,2
1991,3
1991,3
1992,3
1993,3
1994,3
1995,3
1996,3
1997,3
1998,3
1999,3
2000,3
2001,3
2002,3
2003,3
2004,3
2005,3
2006,3
2007,3
2008,3
2009,3
2010,3
2011,3
2012,3
2013,3
2014,3
2015,3
2016,3
2017,3
2018,3
2019,3
2020,3
2021,3
2022,3
2023,3
2024,3
2025,3
2026,3
2027,3
2028,3
2029,3
2030,3
2031,3
2032,3
2033,3
2034,3
2035,3
2036,3
2037,3
2038,3
2039,3
2040,3
2041,3
2042,3
2043,3
2044,3
2045,3
2046,3
2047,3
2048,3
2049,3
2050,3
2051,3
2052,3
2053,3
2054,3
2055,3
2056,3
2057,3
2058,3
2059,3
2060,3
2061,3
2062,3
2063,3
2064,3
2065,3
2066,3
2067,3
2068,3
2069,3
2070,3
2071,3
2072,3
2073,3
2074,3
2075,3
2076,3
2076,3
2077,3
2078,3
2079,3
2080,3
2081,3
2082,3
2083,3
2084,3
2085,3
2086,3
2087,3
2088,3
2089,3
2090,3
2091,3
2092,3
2093,3
2094,3
2095,3
2095,3
2096,3
2097,3
2098,3
2099,3
2100,3
2101,3
2102,3
2103,3
2104,3
2105,3
2106,3
2107,3
2108,3
2109,3
2109,3
2110,3
2111,3
2112,3
2113,4
2113,4
2114,4
2115,4
2116,4
2117,4
2118,4
2119,4
2120,4
2121,4
2122,4
2123,4
2124,4
2125,4
2126,4
2127,4
2128,4
2129,4
2130,4
2131,4
2132,4
2133,4
2134,4
2135,4
2136,4
2137,4
2138,4
2139,4
2140,4
2141,4
2142,4
2143,4
2144,4
2145,4
2146,4
2147,4
2148,4
2149,4
2150,4
2151,4
2151,4
2152,4
2153,4
2154,4
2155,4
2156,4
2157,4
2158,4
2159,4
2160,4
2161,4
2162,4
2163,4
2164,4
2165,4
2166,4
2167,4
2168,4
2169,4
2170,4
2171,4
2172,4
2172,4
2173,4
2174,4
2175,4
2176,4
2177,4
2178,4
2179,4
2180,4
2181,4
2182,4
2183,4
2184,4
2185,4
2186,4
2187,4
2188,4
2189,4
2190,4
2191,4
2192,4
2193,4
2194,4
2194,4
2195,4
2196,4
2197,4
2198,4
2199,4
2200,4
2201,4
2202,4
2203,4
2204,4
2205,4
2206,4
2207,4
2208,4
2209,4
2210,4
2211,4
2212,4
2213,4
2214,4
2215,4
2216,4
2217,4
2218,4
2219,4
2220,4
2221,4
2222,4
2223,4
2224,4
2225,4
2226,4
2227,4
2228,4
2229,4
2230,4
2231,4
2232,4
2233,4
2234,4
2235,4
2236,4
2237,4
2238,4
2239,4
2240,4
2241,4
2242,4
2243,4
2244,4
2245,4
2246,4
2247,4
2248,4
2249,4
2250,4
2251,4
2252,4
2253,4
2254,4
2255,4
2256,4
2257,4
2258,4
2259,4
2260,5
2260,5
2261,5
2262,5
2263,5
2264,5
2265,5
2266,5
2267,5
2268,5
2269,5
2270,5
2271,5
2272,5
2273,5
2274,5
2275,5
2276,5
2277,5
2278,5
2279,5
2280,5
2281,5
2282,5
2283,5
2284,5
2285,5
2286,5
2287,5
2288,5
2289,5
2290,5
2291,5
2292,5
2293,5
2294,5
2295,5
2296,5
2297,5
2298,5
2299,5
2300,5
2301,5
2302,5
2303,5
2304,5
2305,5
2306,5
2307,5
2308,5
2309,5
2309,5
2310,5
2311,5
2312,5
2313,5
2314,5
2315,5
2316,5
2317,5
2318,5
2319,5
2320,5
2321,5
2322,5
2323,5
2324,5
2325,5
2326,5
2327,5
2328,5
2329,5
2330,5
2331,5
2332,5
2333,5
2334,5
2335,5
2336,5
2337,5
2338,5
2339,5
2340,5
2341,5
2342,5
2343,5
2344,5
2345,5
2346,5
2347,5
2348,5
2349,5
2350,5
2351,5
2352,5
2353,5
2354,5
2355,5
2356,5
2357,5
2358,5
2359,5
2360,5
2361,5
2362,5
2363,5
2364,5
2365,5
2366,5
2367,5
2368,5
2369,5
2370,5
2371,5
2372,5
2373,5
2374,5
2375,5
2376,5
2377,5
2378,5
2379,5
2380,5
2381,5
2382,5
2383,5
2384,5
2385,5
2386,5
2387,5
2388,5
2389,5
2390,5
2391,5
2392,5
2393,5
2394,5
2395,5
2396,5
2397,5
2398,5
2399,5
2400,5
2401,5
2402,5
2403,5
2404,5
2405,5
2406,5
2407,5
2408,5
2409,5
2410,5
2411,5
2412,5
2413,5
2414,5
2415,5
2416,5
2417,5
2418,5
2419,5
2420,5
2421,5
2422,5
2423,5
2424,5
2425,5
2426,5
2427,5
2428,5
2429,5
2430,5
2431,5
2432,5
2433,5
2434,5
2435,5
2436,5
2437,5
2438,5
2439,5
2440,5
2441,5
2442,5
2443,5
2444,5
2445,5
2446,5
2447,5
2448,5
2449,5
2450,5
2451,5
2452,5
2453,5
2454,5
2454,5
2455,5
2456,5
2457,5
2458,5
2459,5
2460,5
2460,5
2461,5
2462,5
2463,5
2464,5
2465,5
2466,5
2467,5
2468,5
2469,5
2470,5
2471,5
2472,5
2473,5
2474,5
2475,5
2476,5
2477,5
2478,5
2479,5
2480,5
2481,5
2482,5
2483,5
2484,5
2485,5
2486,5
2487,5
2488,5
2489,5
2490,5
2491,5
2492,5
2493,5
2494,5
2495,5
2496,5
2497,5
2498,5
2499,5
2500,5
2501,5
2502,5
2503,5
2504,5
2505,5
2506,5
2507,5
2508,5
2509,5
2510,5
2511,5
2512,5
2513,5
2514,5
2515,5
2516,5
2517,5
2518,5
2519,5
2520,5
2521,5
2522,5
2523,5
2524,5
2525,5
2525,5
2526,5
2527,5
2528,5
2529,5
2530,5
2531,5
2532,5
2533,5
2534,5
2535,5
2536,5
2537,5
2538,5
2539,5
2540,5
2541,5
2542,5
2543,5
2544,5
2545,5
2546,5
2547,5
2548,5
2549,5
2549,5
2550,5
2551,5
2552,5
2553,5
2554,5
2555,5
2556,5
2557,5
2558,5
2559,5
2560,5
2561,5
2562,5
2563,5
2564,5
2565,5
2566,5
2567,5
2568,5
2569,5
2570,5
2571,5
2572,5
2573,5
2574,5
2575,5
2576,5
2577,5
2578,5
2579,5
2580,5
2581,5
2582,5
2583,5
2584,5
2585,5
2586,5
2587,5
2588,5
2589,5
2590,5
2591,5
2592,5
2593,5
2594,5
2595,5
2596,5
2597,5
2598,5
2599,5
2600,5
2601,5
2602,5
2603,5
2604,5
2605,5
2606,5
2607,5
2608,5
2609,5
2610,5
2611,5
2612,5
2613,5
2614,5
2615,5
2616,5
2617,5
2618,5
2619,5
2620,5
2621,5
2622,5
2623,5
2624,5
2625,5
2626,5
2627,5
2628,5
2629,5
2630,5
2631,5
2632,5
2633,5
2634,5
2635,5
2636,5
2637,5
2638,5
2639,5
2640,5
2641,5
2642,5
2643,5
2644,5
2645,5
2646,5
2647,5
2648,5
2649,5
2650,5
2651,5
2652,5
2653,5
2654,5
2655,5
2656,5
2657,5
2658,5
2659,5
2660,5
2661,5
2662,5
2663,5
2664,5
2665,5
2666,5
2667,5
2668,5
2669,5
2670,5
2671,5
2672,5
2673,5
2674,5
2675,5
2675,5
2676,5
2677,5
2678,5
2679,5
2680,5
2681,5
2682,5
2683,5
2684,5
2685,5
2686,5
2687,5
2688,5
2689,5
2690,5
2691,5
2692,5
2692,5
2693,5
2694,5
2695,5
2696,5
2697,5
2698,5
2699,5
2700,5
2701,5
2702,5
2703,5
2704,5
2705,5
2706,5
2707,6
2707,6
2708,6
2709,6
2710,6
2711,6
2712,6
2713,6
2714,6
2715,6
2716,6
2717,6
2718,6
2719,6
2720,6
2721,6
2722,6
2723,6
2724,6
2725,6
2726,6
2727,6
2728,6
2729,6
2730,6
2731,6
2732,6
2733,6
2734,6
2735,6
2736,6
2737,6
2738,6
2739,6
2740,6
2741,6
2742,6
2743,6
2744,6
2745,6
2746,6
2747,6
2748,6
2749,6
2750,6
2751,6
2752,6
2753,6
2754,6
2755,6
2756,6
2757,6
2758,6
2759,6
2760,6
2761,6
2762,6
2763,6
2764,6
2765,6
2766,6
2767,6
2768,6
2769,6
2770,6
2771,6
2772,6
2773,6
2774,6
2775,6
2776,6
2777,6
2777,6
2778,6
2779,6
2780,6
2781,6
2782,6
2783,6
2784,6
2785,6
2786,6
2787,6
2788,6
2789,6
2790,6
2791,6
2792,6
2793,6
2794,6
2795,6
2796,6
2797,6
2798,6
2799,6
2800,6
2801,6
2802,6
2803,6
2804,7
2804,7
2805,7
2806,7
2807,7
2808,7
2809,7
2810,7
2811,7
2812,7
2813,7
2814,7
2815,7
2816,7
2817,8
2817,8
2818,8
2819,8
2820,8
2821,8
2822,8
2823,8
2824,8
2825,8
2826,8
2827,8
2828,8
2829,8
2830,8
2831,8
2832,8
2833,8
2834,8
2835,8
2836,8
2837,8
2838,8
2839,8
2840,8
2841,8
2842,8
2843,8
2844,8
2845,8
2846,8
2847,8
2848,8
2849,8
2850,8
2851,8
2852,8
2853,8
2854,8
2855,8
2856,8
2857,8
2858,8
2859,8
2860,8
2861,8
2862,8
2863,8
2864,8
2865,8
2866,8
2867,8
2868,8
2869,8
2870,8
2871,8
2872,8
2873,8
2874,8
2875,8
2876,8
2877,8
2878,8
2879,8
2880,8
2881,8
2882,8
2883,8
2884,8
2885,8
2886,8
2887,8
2888,8
2889,8
2890,8
2891,8
2892,8
2893,8
2894,8
2895,9
2895,9
2896,9
2897,9
2898,9
2899,9
2900,9
2901,9
2902,9
2903,9
2904,9
2905,9
2906,9
2907,9
2908,9
2909,9
2910,9
2911,9
2912,9
2913,9
2914,9
2915,9
2916,9
2917,9
2918,9
2919,9
2920,9
2921,9
2922,9
2923,9
2924,9
2925,9
2926,9
2927,9
2928,9
2929,9
2929,9
2930,9
2931,9
2932,9
2933,9
2934,9
2935,9
2936,9
2937,9
2938,9
2939,9
2940,9
2941,9
2942,9
2943,9
2944,9
2945,9
2946,9
2947,9
2948,9
2949,9
2950,9
2951,9
2952,9
2953,9
2954,9
2955,9
2956,9
2957,9
2958,9
2959,9
2960,9
2961,9
2962,9
2963,9
2964,9
2965,9
2966,9
2967,9
2968,9
2969,9
2970,9
2971,9
2972,9
2973,9
2974,9
2975,9
2976,9
2977,9
2978,9
2979,9
2980,9
2981,9
2982,9
2983,9
2984,9
2985,9
2986,9
2987,9
2988,9
2989,9
2990,9
2991,9
2992,9
2993,9
2994,9
2995,9
2996,9
2997,9
2998,9
2999,9
3000,9
3001,9
3002,9
3003,9
3004,9
3005,9
3006,9
3007,9
3008,9
3009,9
3010,9
3011,9
3012,9
3013,9
3014,9
3015,9
3016,9
3017,9
3018,9
3019,9
3020,9
3021,9
3022,9
3023,9
3024,9
3025,9
3026,9
3027,9
3028,9
3029,9
3030,9
3031,9
3032,9
3033,9
3034,9
3035,9
3036,9
3037,9
3038,9
3039,9
3040,9
3041,9
3042,9
3043,9
3044,9
3045,9
3046,9
3047,9
3048,9
3049,9
3050,9
3051,9
3052,9
3053,9
3054,9
3055,9
3056,9
3057,9
3058,9
3059,9
3060,9
3061,9
3062,9
3063,9
3064,9
3065,9
3066,9
3067,9
3068,9
3069,9
3070,9
3071,9
3072,9
3073,9
3074,9
3075,9
3076,9
3077,9
3078,9
3079,9
3080,9
3081,9
3082,9
3083,9
3084,9
3085,9
3086,9
3087,9
3088,9
3089,9
3090,9
3091,9
3092,9
3093,9
3094,9
3095,9
3096,9
3097,9
3098,9
3099,9
3100,9
3101,9
3102,9
3103,9
3104,9
3105,9
3106,9
3107,9
3108,9
3109,9
3110,9
3111,9
3112,9
3113,9
3114,9
3115,9
3116,9
3117,9
3118,9
3119,9
3120,9
3121,9
3122,9
3123,9
3124,9
3125,9
3126,9
3127,9
3128,9
3129,9
3130,9
3131,9
3132,9
3133,9
3134,9
3135,9
3136,9
3137,9
3138,9
3139,9
3140,9
3141,9
3142,9
3143,9
3144,9
3145,9
3146,9
3147,9
3148,9
3149,9
3150,9
3151,9
3152,9
3153,9
3154,9
3155,9
3156,9
3157,9
3158,9
3159,9
3160,9
3161,9
3162,9
3163,9
3164,9
3165,9
3166,9
3167,9
3168,9
3169,9
3170,9
3171,9
3172,9
3173,9
3174,9
3175,9
3176,9
3177,9
3178,9
3179,9
3180,9
3181,9
3181,9
3182,9
3183,9
3184,9
3185,9
3186,9
3187,9
3188,9
3189,9
3190,9
3191,9
3192,9
3193,9
3194,9
3195,9
3196,9
3197,9
3198,9
3199,9
3200,9
3201,9
3202,9
3203,9
3204,9
3205,9
3206,9
3207,9
3208,9
3209,9
3210,9
3211,9
3212,9
3213,9
3214,9
3214,9
3215,9
3216,9
3217,9
3218,9
3219,9
3220,9
3221,9
3222,9
3223,9
3224,9
3225,9
3226,9
3227,9
3228,9
3229,9
3230,9
3231,9
3232,9
3233,9
3234,9
3235,9
3236,9
3237,9
3238,9
3239,9
3240,9
3241,10
3241,10
3242,10
3243,10
3244,10
3245,10
3246,10
3247,10
3248,10
3249,10
3250,10
3251,10
3252,10
3253,10
3254,10
3255,10
3256,10
3257,10
3258,10
3259,10
3260,10
3261,10
3262,10
3263,10
3264,10
3265,10
3266,10
3267,10
3268,10
3269,10
3270,10
3271,10
3272,10
3273,10
3274,10
3275,10
3276,10
3277,10
3278,10
3279,10
3280,10
3281,10
3282,10
3283,10
3284,10
3285,10
3286,10
3287,10
3288,10
3289,10
3290,10
3291,10
3292,10
3293,10
3294,10
3295,10
3296,10
3297,10
3298,10
3299,10
3300,10
3301,11
3301,11
3302,11
3303,11
3304,11
3305,11
3306,11
3307,11
3308,11
3309,11
3310,11
3311,11
3312,11
3313,11
3314,11
3315,11
3316,11
3317,11
3318,11
3319,11
3320,11
3321,11
3322,11
3323,11
3324,11
3325,11
3326,11
3327,11
3328,11
3329,11
3330,11
3331,11
3332,11
3333,11
3334,11
3335,11
3336,11
3337,11
3338,11
3339,11
3340,11
3341,11
3342,11
3343,11
3344,11
3345,11
3346,11
3347,11
3348,11
3349,11
3350,11
3351,11
3352,11
3353,11
3354,11
3355,11
3356,11
3357,11
3358,11
3359,11
3360,11
3361,11
3362,11
3363,11
3364,11
3365,11
3366,11
3367,11
3368,11
3369,11
3370,11
3371,11
3372,11
3373,11
3374,11
3375,11
3376,11
3377,11
3378,11
3379,11
3380,11
3381,11
3382,11
3383,11
3384,11
3385,11
3386,11
3387,11
3388,11
3389,11
3390,11
3391,11
3392,12
3392,12
3393,12
3394,12
3395,12
3396,12
3397,12
3398,12
3399,12
3400,12
3401,12
3402,12
3403,12
3404,12
3405,12
3406,12
3407,12
3408,12
3409,12
3410,12
3411,12
3412,12
3413,12
3414,12
3415,12
3416,12
3417,12
3418,12
3419,12
3420,12
3421,12
3422,12
3423,12
3424,12
3425,12
3426,12
3427,12
3428,12
3429,12
3430,13
3430,13
3431,13
3432,13
3433,13
3434,13
3435,13
3436,13
3437,13
3438,13
3439,13
3440,13
3441,13
3442,13
3443,13
3444,13
3445,13
3446,13
3447,13
3448,13
3449,13
3450,13
3451,13
3452,13
3453,13
3454,13
3455,13
3456,14
3456,14
3457,14
3458,14
3459,14
3460,14
3461,14
3462,14
3463,14
3464,14
3465,14
3466,14
3467,14
3468,14
3469,14
3470,14
3471,14
3472,14
3473,14
3474,14
3475,14
3476,14
3477,14
3478,14
3479,14
3480,14
3481,14
3482,14
3483,14
3484,14
3485,14
3486,14
3487,14
3488,14
3489,14
3490,14
3491,14
3492,14
3493,14
3494,14
3495,14
3496,14
3497,14
3498,14
3499,14
3500,14
3501,14
3502,14
3503,14
3504,14
3505,14
3506,14
3507,14
3508,14
3509,14
3510,14
3511,14
3512,14
3513,14
3514,14
3515,14
3516,14
3517,14
3518,14
3519,14
3520,14
3521,14
3522,14
3523,14
3524,14
3525,14
3526,14
3527,14
3528,14
3529,14
3530,14
3531,14
3532,14
3533,14
3534,14
3535,14
3536,14
3537,14
3538,14
3539,14
3540,14
3541,14
3542,14
3543,14
3544,14
3545,14
3546,14
3547,14
3548,14
3549,14
3550,14
3551,14
3552,14
3553,14
3554,14
3555,14
3556,14
3557,14
3557,14
3558,14
3559,14
3560,14
3561,14
3562,14
3563,14
3564,14
3565,14
3566,14
3567,14
3568,14
3569,14
3570,14
3571,14
3572,14
3573,14
3574,14
3575,14
3576,14
3577,14
3578,14
3579,14
3580,14
3581,14
3582,14
3583,14
3584,14
3585,14
3586,14
3587,14
3588,14
3589,14
3590,14
3591,14
3592,14
3593,14
3594,14
3595,14
3596,14
3597,14
3598,14
3599,14
3600,14
3601,14
3602,14
3603,14
3604,14
3605,14
3606,14
3607,14
3608,14
3609,14
3610,14
3611,14
3612,14
3613,14
3614,14
3615,14
3616,14
3616,14
3617,14
3618,14
3619,14
3620,14
3621,14
3622,14
3623,14
3624,14
3625,14
3626,14
3627,14
3628,14
3629,14
3630,14
3631,14
3632,14
3633,14
3634,14
3635,14
3636,14
3637,14
3638,14
3639,14
3640,14
3641,14
3642,14
3643,14
3644,14
3645,14
3646,14
3647,14
3648,14
3649,14
3650,14
3651,14
3652,14
3653,14
3654,14
3655,14
3656,14
3657,14
3658,14
3659,14
3660,14
3661,14
3662,14
3663,14
3664,14
3665,14
3666,14
3667,14
3668,14
3669,14
3670,14
3671,14
3672,14
3673,14
3674,14
3675,14
3676,14
3677,14
3678,14
3679,14
3680,14
3681,14
3682,14
3683,14
3684,14
3685,14
3686,14
3687,14
3688,14
3689,14
3690,14
3691,14
3692,14
3693,14
3694,14
3695,14
3696,14
3697,14
3698,14
3699,14
3700,14
3701,14
3702,14
3703,14
3704,14
3705,14
3706,14
3707,14
3708,14
3709,14
3710,14
3711,14
3712,14
3713,14
3714,14
3715,14
3716,14
3717,14
3718,14
3719,14
3720,14
3721,14
3722,14
3723,14
3724,14
3725,14
3726,14
3727,14
3728,14
3729,14
3730,14
3731,14
3732,14
3733,14
3734,14
3735,14
3736,14
3737,14
3738,14
3739,14
3740,14
3741,14
3742,14
3743,14
3744,14
3745,14
3746,14
3747,14
3748,14
3749,14
3750,14
3751,14
3752,14
3753,14
3754,14
3755,14
3756,14
3757,14
3758,14
3759,14
3760,14
3761,14
3762,14
3763,14
3764,14
3765,14
3766,14
3767,14
3768,14
3769,14
3770,14
3771,14
3772,14
3773,14
3774,14
3775,14
3776,14
3776,14
3777,14
3778,14
3779,14
3780,14
3781,14
3782,14
3783,14
3784,14
3785,14
3786,14
3787,14
3788,14
3789,14
3790,14
3791,14
3792,14
3793,14
3794,14
3795,14
3796,14
3797,14
3798,14
3799,14
3800,14
3801,14
3802,14
3803,14
3804,14
3805,14
3806,14
3807,14
3808,14
3809,14
3810,14
3811,14
3812,14
3813,14
3814,14
3815,14
3816,14
3817,14
3818,14
3819,14
3820,14
3821,14
3822,14
3823,14
3824,14
3825,14
3826,14
3827,14
3828,14
3829,14
3830,14
3831,14
3832,14
3833,14
3834,14
3835,14
3836,14
3837,14
3838,14
3839,14
3840,14
3841,14
3842,14
3843,14
3844,14
3845,14
3846,14
3847,14
3848,14
3849,14
3850,14
3851,14
3852,14
3853,14
3854,14
3855,14
3856,14
3857,14
3858,14
3859,14
3860,14
3861,14
3862,14
3863,14
3864,14
3865,14
3866,14
3867,14
3868,14
3869,14
3870,14
3871,14
3872,14
3873,14
3874,14
3875,14
3876,14
3877,14
3878,14
3879,14
3880,14
3881,14
3882,14
3883,14
3884,14
3885,14
3885,14
3886,14
3887,14
3888,14
3889,14
3890,14
3891,14
3892,14
3893,14
3894,14
3895,14
3895,14
3896,14
3897,14
3898,14
3899,14
3900,14
3901,14
3902,14
3903,14
3904,14
3905,14
3906,14
3907,14
3908,14
3909,14
3910,14
3911,14
3912,14
3913,14
3914,14
3915,14
3916,14
3917,14
3918,14
3919,14
3920,14
3921,14
3922,14
3923,14
3924,14
3925,14
3926,14
3927,14
3928,14
3929,14
3930,14
3931,14
3932,14
3933,14
3934,14
3935,14
3936,14
3937,14
3938,14
3939,14
3940,14
3941,14
3942,14
3943,14
3944,14
3945,14
3946,14
3947,14
3948,14
3949,14
3950,14
3951,14
3952,14
3953,14
3954,14
3955,14
3956,14
3957,14
3958,14
3959,14
3960,14
3961,15
3961,15
3962,15
3963,15
3964,15
3965,15
3966,15
3967,15
3968,15
3969,15
3970,15
3971,15
3972,15
3973,15
3974,15
3975,15
3976,15
3977,15
3978,15
3979,15
3980,15
3981,15
3982,15
3983,15
3984,15
3985,15
3986,15
3987,15
3988,15
3989,15
3990,15
3991,15
3992,15
3993,15
3994,15
3995,15
3996,15
3997,15
3998,15
3999,15
4000,15
4001,15
4002,15
4003,15
4004,15
4005,15
4006,15
4007,15
4008,15
4009,15
4010,15
4011,15
4012,15
4013,15
4014,15
4015,15
4016,15
4017,15
4018,15
4019,15
4020,15
4021,15
4022,15
4023,15
4024,15
4025,15
4026,15
4027,15
4028,15
4029,15
4030,15
4031,15
4032,15
4033,15
4034,15
4035,15
4036,15
4037,15
4038,15
4039,15
4040,15
4041,15
4042,15
4043,15
4044,15
4045,15
4046,15
4047,15
4048,15
4049,15
4050,15
4051,15
4052,15
4053,15
4054,15
4055,15
4056,15
4057,15
4058,15
4059,15
4060,15
4061,15
4062,15
4063,15
4064,15
4065,15
4066,15
4067,15
4068,15
4069,15
4070,15
4071,15
4072,15
4073,15
4074,15
4075,15
4076,15
4077,15
4078,15
4079,15
4080,15
4081,15
4082,15
4083,15
4084,15
4085,15
4086,15
4087,15
4088,15
4089,15
4090,15
4091,15
4092,15
4093,15
4094,15
4095,15
4096,15
4097,15
4098,15
4099,15
4100,15
4101,15
4102,15
4103,15
4104,15
4105,15
4106,15
4107,15
4108,15
4109,15
4110,15
4111,15
4112,15
4113,15
4114,15
4115,15
4116,15
4117,15
4118,15
4119,15
4120,15
4121,15
4122,15
4123,15
4124,15
4125,15
4125,15
4126,15
4127,15
4128,15
4129,15
4130,15
4131,15
4132,15
4133,15
4134,15
4135,15
4136,15
4137,15
4138,15
4139,15
4140,15
4141,15
4142,15
4143,15
4144,15
4145,15
4146,15
4147,15
4148,15
4149,15
4150,15
4151,15
4152,15
4153,15
4154,15
4155,15
4156,15
4157,15
4158,15
4159,15
4160,15
4161,15
4162,15
4163,15
4164,15
4165,15
4166,15
4167,15
4168,15
4169,15
4170,15
4171,15
4172,15
4173,15
4174,15
4175,15
4176,15
4177,15
4178,15
4179,15
4180,15
4181,15
4182,15
4183,15
4184,15
4185,15
4186,15
4187,15
4188,15
4189,15
4190,15
4191,15
4192,15
4193,15
4194,15
4195,15
4196,15
4197,15
4198,15
4199,15
4200,15
4201,15
4202,15
4203,15
4204,15
4205,15
4206,15
4207,15
4208,15
4209,15
4210,15
4211,15
4212,15
4213,15
4214,15
4215,15
4216,15
4217,15
4218,15
4219,15
4220,15
4221,15
4222,15
4223,15
4224,15
4225,15
4226,15
4227,15
4228,15
4229,15
4230,15
4231,15
4232,15
4233,15
4234,15
4235,15
4236,15
4237,15
4238,15
4239,15
4240,15
4241,15
4242,15
4243,15
4244,15
4245,15
4246,15
4247,15
4248,15
4249,15
4250,15
4251,15
4252,15
4253,15
4254,15
4255,15
4256,15
4257,15
4258,15
4259,15
4260,15
4261,15
4262,15
4263,15
4264,15
4265,15
4266,15
4267,15
4268,15
4269,15
4270,15
4271,15
4272,15
4273,15
4274,15
4275,15
4276,15
4277,15
4278,15
4279,15
4280,15
4281,15
4282,15
4283,15
4284,15
4285,15
4286,15
4287,15
4288,15
4289,15
4290,15
4291,15
4292,15
4293,15
4294,15
4295,15
4296,15
4297,15
4298,15
4299,15
4300,15
4301,15
4302,15
4303,15
4304,15
4305,15
4306,15
4307,15
4308,15
4309,15
4310,15
4311,15
4312,15
4313,15
4314,15
4315,15
4316,15
4316,15
4317,15
4318,15
4319,15
4320,15
4321,15
4322,15
4323,15
4324,15
4325,15
4326,15
4327,15
4328,15
4329,15
4330,15
4331,15
4332,15
4333,15
4334,15
4335,15
4336,15
4337,15
4338,15
4339,15
4340,15
4341,15
4342,15
4343,15
4344,15
4345,15
4346,15
4347,15
4348,15
4349,15
4350,15
4351,15
4352,15
4353,15
4354,15
4355,15
4356,15
4357,15
4358,15
4359,15
4360,15
4361,15
4362,15
4363,15
4364,15
4365,15
4366,15
4367,15
4368,15
4369,15
4370,15
4371,15
4372,15
4373,15
4374,15
4375,15
4376,15
4377,15
4378,15
4379,15
4380,15
4381,15
4382,15
4383,15
4384,15
4385,15
4386,15
4387,15
4388,15
4389,15
4390,15
4391,15
4392,15
4393,15
4394,15
4395,15
4396,15
4397,15
4398,15
4399,15
4400,15
4401,15
4402,15
4403,15
4404,15
4405,15
4406,15
4407,15
4408,15
4409,15
4410,15
4411,15
4412,15
4413,15
4414,15
4415,15
4416,15
4417,15
4418,15
4419,15
4420,15
4421,15
4422,15
4423,15
4424,15
4425,15
4426,15
4427,15
4428,15
4429,15
4430,15
4431,15
4432,15
4433,15
4434,15
4435,15
4436,15
4437,15
4438,15
4439,15
4440,15
4441,15
4442,15
4443,15
4444,15
4445,15
4446,15
4447,15
4448,15
4449,15
4450,15
4451,15
4452,15
4453,15
4454,15
4455,15
4456,15
4457,15
4458,15
4459,15
4460,15
4461,15
4462,15
4463,15
4464,15
4465,15
4466,15
4467,15
4468,15
4469,15
4470,15
4471,15
4472,15
4473,15
4474,15
4475,15
4476,15
4477,15
4478,15
4479,15
4480,15
4481,15
4482,15
4483,15
4484,15
4485,15
4486,15
4487,15
4488,15
4489,15
4490,15
4491,15
4492,15
4493,15
4494,15
4495,15
4496,15
4497,15
4498,15
4499,15
4500,15
4501,15
4502,15
4503,15
4504,15
4505,15
4506,15
4507,15
4508,15
4509,15
4510,15
4511,15
4512,15
4513,15
4514,15
4515,15
4516,15
4517,15
4518,15
4519,15
4520,15
4521,15
4522,15
4523,15
4524,15
4525,15
4526,15
4527,15
4528,15
4529,15
4530,15
4531,15
4532,15
4533,15
4534,15
4535,15
4536,15
4537,15
4538,15
4539,15
4540,15
4541,15
4542,15
4543,15
4544,15
4545,15
4546,15
4547,15
4548,15
4549,15
4550,15
4551,15
4552,15
4553,15
4554,15
4555,15
4556,15
4557,15
4558,15
4559,16
4559,16
4560,16
4561,16
4562,16
4563,16
4564,16
4565,16
4566,16
4567,16
4568,16
4569,16
4570,16
4571,16
4572,16
4573,16
4574,16
4575,16
4576,16
4577,16
4578,16
4579,16
4580,16
4581,16
4582,16
4583,16
4584,16
4585,16
4586,16
4587,16
4588,16
4589,16
4590,16
4591,16
4592,16
4593,16
4594,16
4595,16
4596,16
4597,17
4597,17
4598,17
4599,17
4600,17
4601,17
4602,17
4603,17
4604,17
4605,17
4606,17
4607,17
4608,17
4609,17
4610,17
4611,17
4612,17
4613,17
4614,17
4615,17
4616,17
4617,17
4618,17
4619,17
4620,18
4620,18
4621,18
4622,18
4623,18
4624,18
4625,18
4626,18
4627,18
4628,18
4629,18
4630,18
4631,18
4632,18
4633,18
4634,18
4635,18
4636,18
4636,18
4637,18
4638,18
4639,18
4640,18
4641,18
4642,18
4643,18
4644,18
4645,18
4646,18
4647,18
4648,18
4648,18
4649,18
4650,18
4651,18
4652,18
4653,18
4654,18
4655,18
4656,18
4657,18
4658,18
4659,18
4660,18
4661,18
4662,18
4663,18
4664,18
4665,18
4666,18
4667,18
4668,18
4669,18
4670,18
4671,18
4672,18
4673,18
4674,18
4675,18
4676,18
4677,18
4678,18
4679,18
4680,18
4681,18
4682,18
4683,18
4684,18
4685,18
4686,18
4687,18
4688,18
4689,18
4690,18
4691,18
4692,18
4693,18
4694,18
4695,18
4696,18
4697,18
4698,18
4699,18
4700,18
4701,18
4702,18
4703,18
4704,18
4705,18
4706,18
4707,18
4708,18
4709,18
4710,18
4711,18
4712,18
4713,18
4714,18
4715,18
4716,18
4717,18
4718,18
4719,18
4720,18
4721,18
4722,18
4723,18
4724,18
4725,18
4726,18
4727,18
4728,18
4729,18
4730,18
4731,18
4732,18
4733,18
4733,18
4734,18
4735,18
4736,18
4737,18
4738,18
4739,18
4740,18
4741,18
4742,18
4742,18
4743,18
4744,18
4745,18
4746,18
4747,18
4748,18
4749,18
4750,18
4751,18
4752,18
4753,18
4754,18
4755,18
4756,18
4757,18
4758,18
4759,18
4760,18
4761,18
4762,18
4763,18
4764,19
4764,20
